[
    {
       "img":"./public/images/stay.png",
       "name":"Stay",
       "artist":"The Kid LAROI, Justin Bieber",
       "music":"./public/musics/stay.mp3"
    },
    {
       "img":"./public/images/fallingdown.jpg",
       "name":"Falling Down",
       "artist":"Wid Cards",
       "music":"./public/musics/fallingdown.mp3"
    },
    {
       "img":"./public/images/faded.png",
       "name":"Faded",
       "artist":"Alan Walker",
       "music":"./public/musics/Faded.mp3"
    },
    {
       "img":"./public/images/ratherbe.jpg",
       "name":"Rather Be",
       "artist":"Clean Bandit",
       "music":"./public/musics/Rather Be.mp3"
    }
 ]